{"citi_blog_feed":{"subtitle":"Visit Citi's blog for updates on Citi's innovations and financial insights from senior leaders, employees, and community partners as Citi builds  upon its 200 year history.","title":"Citi","updated":"Tue 18 Jun 2019 17:08:21 EST","id":"tag:blog.citigroup.com,2015-01-09\/0","blog_posts":{"blog_post":[{"content":{"image_caption":"","lang":"en","image_uri":"","type":"html","uri":"https:\/\/blog.citigroup.com\/2019\/06\/banks-launch-green-charter-to-help-shipping-reduce-its-carbon-footprint?app=citinews"},"author":"Michael Parker","tags":[{"name":"Sustainability"}],"published":"Tue 18 Jun 2019 17:15:00 EST","caption":"","summary":"Given trade growth, the maritime industry must play its part in the global transition towards a low-carbon economy. This is what led Citi, DNB and Société Générale to work with the Global Maritime Forum, Rocky Mountain Institute, University College London and shipping industry leaders to develop the Poseidon Principles – the world’s first global sector-specific and self-governing climate alignment agreement among financial institutions.","text":"","id":"tag:blog.citigroup.com,2015-01-09\/3614","updated":"Tue 18 Jun 2019 17:08:21 EST","title":"Banks Launch Green Charter to Help Shipping Reduce Its Carbon Footprint"},{"content":{"image_caption":"","lang":"en","image_uri":"https:\/\/blog.citigroup.com\/resources\/photos\/blog\/dbf2b1f5c3f24f198539c18eea2dc10e.jpg","type":"html","uri":"https:\/\/blog.citigroup.com\/2019\/06\/celebrating-100-years-in-canada?app=citinews"},"author":"John Hastings","tags":[{"name":"Canada"}],"published":"Wed 12 Jun 2019 15:45:00 EST","caption":"","summary":"In our centennial year, all of us at Citi Canada are proud to reflect on our long legacy of enabling growth and progress, and of being the best for our clients. We are equally proud of our contributions to the communities where we live and work. Our first century combined exemplary client service with citizenship, a legacy that we are confident will continue for many decades to come.","text":"","id":"tag:blog.citigroup.com,2015-01-09\/3594","updated":"Wed 12 Jun 2019 15:38:47 EST","title":"Celebrating 100 Years in Canada"},{"content":{"image_caption":"","lang":"en","image_uri":"","type":"html","uri":"https:\/\/blog.citigroup.com\/2019\/06\/celebrating-10-years-of-our-citi-innovation-labs?app=citinews"},"author":"Gulru Atak","tags":[{"name":"TTS"}],"published":"Mon 10 Jun 2019 10:15:00 EST","caption":"","summary":"The promise of technology’s capacity to re-define our clients’ and customers’ experiences and expectations has long been a catalyst for innovation at Citi. In 1975, the advent of ATMs prompted us to establish a research center to explore consumer behavior and interactions with these new machines. Fast forward to 2009, and Citi’s Treasury and Trade Solutions (TTS) opened the firm’s first Innovation Lab in Dublin to help us better anticipate how advancing technology would impact our clients’ expectations, business models and treasury operations. This year, the 10th Anniversary of the founding of our expanded Global Innovation Lab Network, is a good time to reflect on the progress we’ve made since we established our first Lab, and to think about the implications of both present and future trends that continue to inspire and motivate us.","text":"","id":"tag:blog.citigroup.com,2015-01-09\/3593","updated":"Mon 10 Jun 2019 10:01:30 EST","title":"Celebrating 10 Years of our Citi Innovation Labs"},{"content":{"image_caption":"","lang":"en","image_uri":"https:\/\/blog.citigroup.com\/resources\/photos\/blog\/ca8f48a23eca4c539d0d21201f9c33a2.jpg","type":"html","uri":"https:\/\/blog.citigroup.com\/2019\/06\/the-private-sector-must-take-action-for-lgbt-rights?app=citinews"},"author":"Jamie Forese and Bob Annibale","tags":[{"name":"LGBT"},{"name":"LGBT"}],"published":"Mon 03 Jun 2019 10:15:00 EST","caption":"","summary":"Pride Month is an opportunity for all of us to reflect on the struggles, achievements and contributions of the LGBT+ community, and envision a path towards achieving full equality and inclusion.","text":"","id":"tag:blog.citigroup.com,2015-01-09\/3573","updated":"Thu 06 Jun 2019 16:59:02 EST","title":"The Private Sector Must Take Action for LGBT+ Rights"},{"content":{"image_caption":"","lang":"en","image_uri":"","type":"html","uri":"https:\/\/blog.citigroup.com\/2019\/05\/honoring-and-remembering-our-fallen-service-members?app=citinews"},"author":"Ed Skyler","tags":[{"name":"Citi Salutes"}],"published":"Fri 24 May 2019 09:15:00 EST","caption":"","summary":"As a Co-Lead of the Citi Salutes Affinity, I often speak to veterans and current service members about their military experience and what it’s like to navigate the transition to civilian life. The importance of those conversations goes well beyond helping to inform our initiatives in support of the military community, both within and outside of Citi. For me, their value lies in the light they shed on issues that may not be well understood or that civilians have never experienced in their own lives. That’s why I recently decided to reach out to some members of our Citi Salutes network to get their personal takes on Memorial Day and what it means to them.","text":"","id":"tag:blog.citigroup.com,2015-01-09\/3553","updated":"Fri 24 May 2019 09:09:04 EST","title":"Honoring and Remembering our Fallen Service Members"},{"content":{"image_caption":"","lang":"en","image_uri":"","type":"html","uri":"https:\/\/blog.citigroup.com\/2019\/05\/global-accessibility-awareness-day-2019?app=citinews"},"author":"Mark Carawan","tags":[{"name":"Diversity"}],"published":"Thu 16 May 2019 13:30:00 EST","caption":"","summary":"Global Accessibility Awareness Day (GAAD) is recognized annually on the third Thursday of May. For all of us, it’s an opportunity to celebrate how technology is becoming more usable and accessible for people with disabilities. Thanks in part to GAAD, now in its eighth year, awareness of the importance of digital accessibility is increasing, and the people and institutions that develop and influence technology are becoming more responsive to this need.","text":"","id":"tag:blog.citigroup.com,2015-01-09\/3533","updated":"Thu 16 May 2019 13:25:30 EST","title":"Global Accessibility Awareness Day 2019"},{"content":{"image_caption":"","lang":"en","image_uri":"https:\/\/blog.citigroup.com\/resources\/photos\/blog\/0ee603e356764190818b4edec80cd179.jpg","type":"html","uri":"https:\/\/blog.citigroup.com\/2019\/05\/womens-world-banking-honors-citi-for-its-commitment-to-global-financial-inclusion?app=citinews"},"author":"Mary Ellen Iskenderian","tags":[{"name":"Global"},{"name":"Financial Inclusion"}],"published":"Tue 07 May 2019 10:00:00 EST","caption":"","summary":"For forty years, Women’s World Banking has played a vital role in spearheading financial inclusion for women around the world. By developing an extensive global network and large-scale market-driven solutions, they help ensure that women and their families have the access to the capital they need to grow, both now and for generations to come.","text":"","id":"tag:blog.citigroup.com,2015-01-09\/3513","updated":"Tue 07 May 2019 10:06:04 EST","title":"Women’s World Banking Honors Citi for its Commitment to Global Financial Inclusion"},{"content":{"image_caption":"","lang":"en","image_uri":"https:\/\/blog.citigroup.com\/resources\/photos\/blog\/3cd66635daed4fd494dceb387e9bbf5b.png","type":"html","uri":"https:\/\/blog.citigroup.com\/2019\/04\/welcoming-whats-next-at-citi?app=citinews"},"author":"Carla Hassan","tags":[{"name":"Branding"}],"published":"Mon 29 Apr 2019 11:00:00 EST","caption":"","summary":"At Citi, we are the sum of our people, our experiences, our clients and our communities. Over the coming weeks and months, you’ll see all that vividly on display as you watch television, browse the web or spend time on social media. I’m proud that our new commcerial is a true showcase of who we are, the values we believe in and the impact we aim to achieve in our communities and on society.","text":"","id":"tag:blog.citigroup.com,2015-01-09\/3493","updated":"Fri 26 Apr 2019 17:01:48 EST","title":"Welcoming what’s next at Citi"},{"content":{"image_caption":"","lang":"en","image_uri":"https:\/\/blog.citigroup.com\/resources\/photos\/blog\/8bbabcd9083d4b28b543f708ac78cc29.jpg","type":"html","uri":"https:\/\/blog.citigroup.com\/2019\/04\/citi-celebrates-earth-day?app=citinews"},"author":"Val Smith","tags":[{"name":"Global"},{"name":"Sustainability"}],"published":"Mon 22 Apr 2019 10:00:00 EST","caption":"","summary":"Earth Day has become an annual effort focused on building awareness of pressing environmental and community issues. At Citi, we take every Earth Day as an opportunity to bring employees together to work on projects that foster environmental leadership and collaboration.","text":"","id":"tag:blog.citigroup.com,2015-01-09\/3473","updated":"Mon 22 Apr 2019 10:24:24 EST","title":"Citi Celebrates Earth Day"},{"content":{"image_caption":"","lang":"en","image_uri":"https:\/\/blog.citigroup.com\/resources\/photos\/blog\/71a7aee9e4a64976b61e3b1236cd545f.jpg","type":"html","uri":"https:\/\/blog.citigroup.com\/2019\/04\/citis-volunteer-africa-program-returns-to-kenya?app=citinews"},"author":"Paco Ybarra","tags":[{"name":"Global Functions"}],"published":"Mon 08 Apr 2019 15:00:00 EST","caption":"","summary":"Today, Citi launched the fourth edition of Volunteer Africa, a program that engages junior employees to help local entrepreneurs grow their businesses. This year, the program returns to Kenya, where the program first started in 2016.","text":"","id":"tag:blog.citigroup.com,2015-01-09\/3453","updated":"Mon 08 Apr 2019 14:44:15 EST","title":"Citi's Volunteer Africa Program Returns to Kenya"},{"content":{"image_caption":"","lang":"en","image_uri":"https:\/\/blog.citigroup.com\/resources\/photos\/blog\/2344872822c14d9e9e9596664324489b.png","type":"html","uri":"https:\/\/blog.citigroup.com\/2019\/04\/citizenship-at-citi?app=citinews"},"author":"","tags":[{"name":"Global"},{"name":"Global Functions"}],"published":"Mon 08 Apr 2019 09:45:00 EST","caption":"","summary":"Read more about the work underway at Citi to effect positive and meaningful change in our communities.","text":"","id":"tag:blog.citigroup.com,2015-01-09\/3436","updated":"Mon 08 Apr 2019 10:01:28 EST","title":"Citizenship at Citi"},{"content":{"image_caption":"","lang":"en","image_uri":"https:\/\/blog.citigroup.com\/resources\/photos\/blog\/b2b83266a234436c8d58428690ea9840.jpg","type":"html","uri":"https:\/\/blog.citigroup.com\/2019\/04\/grameen-america-amp-citi-scaling-financial-resilience-for-women?app=citinews"},"author":"Andrea Jung","tags":[{"name":"Financial Inclusion"}],"published":"Thu 04 Apr 2019 14:00:00 EST","caption":"","summary":"Across the globe, millions of women are sidelined from the financial mainstream, leaving them financially vulnerable. Globally, less than two-thirds of women (58%) report having an account at a formal financial institution.","text":"","id":"tag:blog.citigroup.com,2015-01-09\/3435","updated":"Thu 04 Apr 2019 13:56:45 EST","title":"Grameen America &amp; Citi: Scaling Financial Resilience for Women"},{"content":{"image_caption":"","lang":"en","image_uri":"https:\/\/blog.citigroup.com\/resources\/photos\/blog\/6ccada074c7a4e63a6614a84b3150a28.jpg","type":"html","uri":"https:\/\/blog.citigroup.com\/2019\/04\/citi-named-to-2019-linkedin-top-companies-list?app=citinews"},"author":"Juan Manuel Cerda","tags":[{"name":"Global"},{"name":"Global Functions"}],"published":"Wed 03 Apr 2019 14:30:00 EST","caption":"","summary":"Citi has been named one of LinkedIn's Top 50 Companies in the U.S., and also included in the first-ever ranking of the Top 25 Companies in Mexico.","text":"","id":"tag:blog.citigroup.com,2015-01-09\/3434","updated":"Wed 03 Apr 2019 14:28:40 EST","title":"Citi Named to 2019 LinkedIn Top Companies List"},{"content":{"image_caption":"","lang":"en","image_uri":"https:\/\/blog.citigroup.com\/resources\/photos\/blog\/5c6646f6101b4ed4a54c413e5f81adff.jpg","type":"html","uri":"https:\/\/blog.citigroup.com\/2019\/04\/citi-test-kitchen-launches-at-urbanspace-to-help-businesses-grow?app=citinews"},"author":"Tina Davis","tags":[{"name":"Branding"}],"published":"Fri 05 Apr 2019 09:30:00 EST","caption":"","summary":"Last month marked the official opening of the Citi Test Kitchen at Urbanspace @ 570 Lexington. The Citi Test Kitchen is the first of its kind—a new experience at Urbanspace sponsored by Citi to help support the growth of local NYC culinary entrepreneurs. For a period of three months, the Citi Test Kitchen provides participants with the space and help to showcase and grow their business.","text":"","id":"tag:blog.citigroup.com,2015-01-09\/3433","updated":"Fri 05 Apr 2019 09:03:23 EST","title":"Citi Test Kitchen Launches at Urbanspace to Help Businesses Grow"},{"content":{"image_caption":"","lang":"en","image_uri":"https:\/\/blog.citigroup.com\/resources\/photos\/blog\/35d6077df1ef479991d00d9b3771090d.jpg","type":"html","uri":"https:\/\/blog.citigroup.com\/2019\/03\/citi-awarded-highest-score-on-lgbtq-workplace-equality-scorecard-for-15th-consecutive-year?app=citinews"},"author":"Jamie Forese","tags":[{"name":"LGBT"}],"published":"Thu 28 Mar 2019 12:00:00 EST","caption":"","summary":"Today, we are proud to announce that Citi received the highest score of 100 and the distinction of being seen as a “Best Place to Work for LGBTQ Equality” on the 2019 Corporate Equality Index (CEI), the nation’s premier benchmarking survey and report on corporate policies and practices related to LGBTQ workplace equality, administered by the Human Rights Campaign (HRC) Foundation. Citi has earned this designation since 2004.","text":"","id":"tag:blog.citigroup.com,2015-01-09\/3413","updated":"Thu 28 Mar 2019 11:52:06 EST","title":"Citi Awarded Highest Score on LGBTQ Workplace Equality Scorecard for 15th Consecutive Year"},{"content":{"image_caption":"","lang":"en","image_uri":"https:\/\/blog.citigroup.com\/resources\/photos\/blog\/731098174e4c4364b8330ffb91a12be4.jpg","type":"html","uri":"https:\/\/blog.citigroup.com\/2019\/03\/the-creation-of-brave-girl-rising?app=citinews"},"author":"Jeni Yaghoubi","tags":[{"name":"International Womens Day"}],"published":"Fri 22 Mar 2019 12:45:00 EST","caption":"","summary":"The task before them was far from simple: create a film about a real young woman pursuing her education in one of the world’s largest refugee camps. But you can only film for 4 hours a day inside the Dadaab refugee camp in Kenya, because it closes to outsiders at 1pm for fear of security breaches. You also need armed officers to accompany you at all times and translators who speak Somali, Sawhili and English to the staff and predominantly Somali refugees, who play themselves in a movie about their lives. And you need to explain what a film is in the first place to people who most likely have never seen one. Yet who, despite the odds, continue to dream and persevere with courage and conviction.","text":"","id":"tag:blog.citigroup.com,2015-01-09\/3393","updated":"Fri 22 Mar 2019 12:41:58 EST","title":"The Creation of Brave Girl Rising"},{"content":{"image_caption":"","lang":"en","image_uri":"https:\/\/blog.citigroup.com\/resources\/photos\/blog\/afa4f186f8634052baf617c87fc891eb.jpg","type":"html","uri":"https:\/\/blog.citigroup.com\/2019\/03\/citi-signs-us-equality-act?app=citinews"},"author":"Jamie Forese","tags":[{"name":"Public Affairs"},{"name":"LGBT"},{"name":"US"}],"published":"Fri 15 Mar 2019 19:15:00 EST","caption":"","summary":"Citi is proud to join the Business Coalition for the Equality Act, a group of leading U.S. employers that support the proposed Equality Act, federal legislation that would provide the same basic protections to Lesbian, Gay, Bisexual, Transgender and Queer (LGBTQ) people as are provided to other protected groups under federal law.","text":"","id":"tag:blog.citigroup.com,2015-01-09\/3374","updated":"Fri 15 Mar 2019 19:13:03 EST","title":"Citi Signs U.S. Equality Act"},{"content":{"image_caption":"","lang":"en","image_uri":"","type":"html","uri":"https:\/\/blog.citigroup.com\/2019\/03\/financial-inclusion-at-scale?app=citinews"},"author":"James Forese","tags":[{"name":"Financial Inclusion"}],"published":"Wed 13 Mar 2019 09:45:00 EST","caption":"","summary":"Most of us can easily comprehend the economic and social case for financial inclusion, but to develop solutions that meet the needs of underserved households, we need to understand people’s individual financial behavior. To be truly inclusive, we must design solutions that reflect a deeper understanding of a customer’s needs – without which even the most innovative and thoughtfully developed products will fail.","text":"","id":"tag:blog.citigroup.com,2015-01-09\/3373","updated":"Wed 13 Mar 2019 09:44:56 EST","title":"Financial Inclusion at Scale"},{"content":{"image_caption":"","lang":"en","image_uri":"","type":"html","uri":"https:\/\/blog.citigroup.com\/2019\/03\/celebrating-international-womens-day?app=citinews"},"author":"Jane Fraser and Gavin Michael","tags":[{"name":"Citi Women"},{"name":"International Womens Day"}],"published":"Fri 08 Mar 2019 12:00:00 EST","caption":"","summary":"For International Women’s Day this year, the newly-appointed co-leads of the Citi Women Affinity Group, Latin America CEO Jane Fraser and Global Consumer Bank Technology Head Gavin Michael, explain what this day signifies for them and our firm. Citi will host over 200 IWD events in 51 countries around the globe.","text":"","id":"tag:blog.citigroup.com,2015-01-09\/3353","updated":"Fri 08 Mar 2019 11:51:25 EST","title":"Celebrating International Women’s Day"},{"content":{"image_caption":"","lang":"en","image_uri":"https:\/\/blog.citigroup.com\/resources\/photos\/blog\/01f528d2a5f7442f8075401626992227.jpg","type":"html","uri":"https:\/\/blog.citigroup.com\/2019\/03\/community-progress-makers-convening-enabling-progress-in-communities-across-america?app=citinews"},"author":"Julie Hodgson","tags":[{"name":"Citi Foundation"},{"name":"ProgressMakers"}],"published":"Fri 01 Mar 2019 10:45:00 EST","caption":"","summary":"Los Angeles recently played host to the second convening of the Citi Foundation’s Community Progress Makers Fund. Representatives from all 40 Community Progress Makers traveled from across the country to LA to discuss and learn more about the work done in the Fund’s first year to advance economic progress in communities throughout America. These stories of progress, including those we had the opportunity to experience firsthand while in Los Angeles, highlighted the collective and individual potential of Community Progress Makers to effect positive change.","text":"","id":"tag:blog.citigroup.com,2015-01-09\/3334","updated":"Fri 01 Mar 2019 10:37:13 EST","title":"Community Progress Makers Convening: Enabling Progress in Communities across America"},{"content":{"image_caption":"","lang":"en","image_uri":"https:\/\/blog.citigroup.com\/resources\/photos\/blog\/03e3cb1174654e8085cfc7cc94889e8e.jpg","type":"html","uri":"https:\/\/blog.citigroup.com\/2019\/02\/empowering-a-new-generation-of-employees-through-shared-ownership?app=citinews"},"author":"Melissa Hoover","tags":[{"name":"Citi Community Development"}],"published":"Thu 28 Feb 2019 15:00:00 EST","caption":"","summary":"Shared ownership plays a critical role in addressing the erosion of household incomes and rising property costs in cities while providing avenues to strengthen the small business ecosystem. There is significant benefit and market opportunity for small businesses converting into employee-owned cooperatives, and, for minority business owners, in particular, the power of business ownership is an asset-building strategy.","text":"","id":"tag:blog.citigroup.com,2015-01-09\/3333","updated":"Thu 28 Feb 2019 14:43:13 EST","title":"Empowering a New Generation of Employees through Shared Ownership"},{"content":{"image_caption":"","lang":"en","image_uri":"","type":"html","uri":"https:\/\/blog.citigroup.com\/2019\/02\/building-an-inclusive-culture?app=citinews"},"author":"Mark Mason","tags":[{"name":"Global"},{"name":"Diversity"}],"published":"Thu 14 Feb 2019 12:30:00 EST","caption":"","summary":"On January 29th, almost exactly one year after our inaugural inclusion event in 2018, Mike Corbat hosted Together at Citi: Building an Inclusive Culture, a town hall attended by and broadcast to colleagues from across the firm and around the world. With the co-leaders of our seven Affinity groups – Citi Women, Asian Heritage, Pride, Citi Salutes, Black Heritage, Hispanic\/Latino Heritage and Disability: Enabling Diverse Abilities – we had a candid conversation on the importance of creating a culture of belonging.","text":"","id":"tag:blog.citigroup.com,2015-01-09\/3313","updated":"Thu 14 Feb 2019 12:23:46 EST","title":"Building an Inclusive Culture"},{"content":{"image_caption":"","lang":"en","image_uri":"https:\/\/blog.citigroup.com\/resources\/photos\/blog\/4cd2ea60e6064e169925c994834b30cc.png","type":"html","uri":"https:\/\/blog.citigroup.com\/2019\/02\/citis-inaugural-green-bond-issuance?app=citinews"},"author":"Val Smith","tags":[{"name":"Global"},{"name":"Sustainability"}],"published":"Tue 05 Feb 2019 10:00:00 EST","caption":"","summary":"As a founding member of the Green Bonds Principles and leading arranger and underwriter in the green bonds market, Citi has been at the forefront of helping our clients finance sustainability initiatives with innovative green and sustainability bond structures. Our role supporting and evolving this burgeoning market is just one reflection of our ongoing efforts to incorporate sustainability into our business. It’s become a key component of our engagement with clients and investors.","text":"","id":"tag:blog.citigroup.com,2015-01-09\/3293","updated":"Tue 05 Feb 2019 09:47:16 EST","title":"Citi’s Inaugural Green Bond Issuance"},{"content":{"image_caption":"","lang":"en","image_uri":"https:\/\/blog.citigroup.com\/resources\/photos\/blog\/407389e294674afab181c16137787aa4.jpg","type":"html","uri":"https:\/\/blog.citigroup.com\/2019\/01\/the-power-of-relationships-how-this-pathways-to-progress-partner-is-helping-youth-meet-their-aspirations?app=citinews"},"author":"Mike O’Brien","tags":[{"name":"Citi Foundation"},{"name":"Pathways to Progress"}],"published":"Fri 25 Jan 2019 11:30:00 EST","caption":"","summary":"For nearly 20 years, iMentor has built mentoring relationships between working professionals and high school students. We know that for our students -- who are often the first in their families to attend college -- being provided with long-term, committed support through high school and college can have a profound impact on their success in school and beyond. We also recognize the deep impact these relationships has on the professionals who dedicate their time to mentoring.","text":"","id":"tag:blog.citigroup.com,2015-01-09\/3274","updated":"Fri 25 Jan 2019 11:16:47 EST","title":"The Power of Relationships: How this Pathways to Progress Partner is Helping Youth Meet their Aspirations"},{"content":{"image_caption":"","lang":"en","image_uri":"https:\/\/blog.citigroup.com\/resources\/photos\/blog\/2e57b57f57b3411eb05f298dbb762b40.jpg","type":"html","uri":"https:\/\/blog.citigroup.com\/2019\/01\/citi-jordan-and-inclusive-finance-advancing-financial-access-for-10000-women?app=citinews"},"author":"Nour Jarrar","tags":[{"name":"EMEA"},{"name":"Financial Inclusion"}],"published":"Thu 24 Jan 2019 16:30:00 EST","caption":"","summary":"Despite significant progress in expanding financial access for underserved communities across the globe, one billion women remained unbanked in 2018, according to Global Findex data from the World Bank. Jordan is one country that in recent years has successfully advanced financial inclusion for women. In 2018, 26.6% of women in Jordan had a bank account, an increase of more than 10% since 2014 (15.5%). With just over one in ten women in Jordan participating in the formal economy, however, much more needs to be done to ensure that more women gain access to financial services.","text":"","id":"tag:blog.citigroup.com,2015-01-09\/3273","updated":"Thu 24 Jan 2019 16:21:10 EST","title":"Citi Jordan and Inclusive Finance: Advancing Financial Access for 10,000 Women"},{"content":{"image_caption":"","lang":"en","image_uri":"https:\/\/blog.citigroup.com\/resources\/photos\/blog\/fc6b1a6dbc2e4db69253a14b803ddea8.png","type":"html","uri":"https:\/\/blog.citigroup.com\/2019\/01\/citi-announces-fintechs-selected-for-open-innovation-challenge?app=citinews"},"author":"Jeff Smith","tags":[{"name":"Citi FinTech"}],"published":"Fri 18 Jan 2019 13:00:00 EST","caption":"","summary":"After a global recruitment process, we are pleased to announce the seven fintechs selected to participate in the Citi FinTech Open Innovation Challenge, a 5-week virtual program designed to identify, educate, and apply the most promising tech solutions in financial wellness. The Challenge will culminate in a live demonstration at Citi's New York headquarters to an internal group of key innovation decision-makers. At least one participant will be selected for a financial award and an additional 3-day design workshop following the presentation","text":"","id":"tag:blog.citigroup.com,2015-01-09\/3256","updated":"Fri 18 Jan 2019 12:57:08 EST","title":"Citi Announces Fintechs Selected for Open Innovation Challenge"},{"content":{"image_caption":"","lang":"en","image_uri":"","type":"html","uri":"https:\/\/blog.citigroup.com\/2019\/01\/global-pay-equity-at-citi?app=citinews"},"author":"Sara Wechter","tags":[{"name":"Diversity"},{"name":"Global"}],"published":"Wed 16 Jan 2019 09:00:00 EST","caption":"","summary":"Citi’s commitment to diversity and inclusion is longstanding. Last year, Citi was the first financial institution to publicly release the results of a pay equity review comparing compensation of women to men, and U.S. minorities to U.S. non-minorities. Our review was conducted in three countries representing 36% of our workforce, with a commitment to do the work across all countries where we currently have colleagues. We did this because we believe increasing our transparency in this critical area is the best way to hold ourselves accountable for making progress.","text":"","id":"tag:blog.citigroup.com,2015-01-09\/3255","updated":"Wed 16 Jan 2019 08:31:33 EST","title":"Global Pay Equity at Citi"},{"content":{"image_caption":"","lang":"en","image_uri":"","type":"html","uri":"https:\/\/blog.citigroup.com\/2019\/01\/empowerednyc-new-financial-coaching-for-new-yorkers-with-disabilities?app=citinews"},"author":"Frances Liu","tags":[{"name":"Diversity"},{"name":"Financial Education"},{"name":"Financial Inclusion"},{"name":"US"}],"published":"Mon 07 Jan 2019 11:00:00 EST","caption":"","summary":"To support the financial resilience of people with disabilities, Citi Community Development is collaborating with the City of New York and National Disability Institute (NDI) on EmpoweredNYC. This multi-prong initiative is developing and delivering enhanced counseling services to advance the financial stability of people with disabilities, as well as new trainings for nonprofit and municipal service providers on how to connect people with disabilities with the best information, services, and programs to meet their financial needs.","text":"","id":"tag:blog.citigroup.com,2015-01-09\/3233","updated":"Mon 07 Jan 2019 11:04:56 EST","title":"EmpoweredNYC: New Financial Coaching for New Yorkers with Disabilities"},{"content":{"image_caption":"","lang":"en","image_uri":"https:\/\/blog.citigroup.com\/resources\/photos\/blog\/3c21f88b44654556bbf9019b57b2609e.jpg","type":"html","uri":"https:\/\/blog.citigroup.com\/2019\/01\/five-emerging-tech-trends-to-watch-in-2019?app=citinews"},"author":"Beth Devin","tags":[{"name":"Global"},{"name":"Citi Ventures"}],"published":"Sun 06 Jan 2019 08:00:00 EST","caption":"","summary":"It's that time of year — when the technology news circuit is full of predictions of the next big trends on the horizon. Here are five technologies that could have a major impact on financial institutions and their clients in 2019 and beyond.","text":"","id":"tag:blog.citigroup.com,2015-01-09\/3213","updated":"Mon 07 Jan 2019 12:10:50 EST","title":"Five Emerging Tech Trends to Watch in 2019"},{"content":{"image_caption":"","lang":"en","image_uri":"https:\/\/blog.citigroup.com\/resources\/photos\/blog\/4cceb41b577f42ac86a460b5c0e55ee8.jpg","type":"html","uri":"https:\/\/blog.citigroup.com\/2018\/12\/celebrating-5-years-of-ideas?app=citinews"},"author":"","tags":[{"name":"Global"}],"published":"Thu 20 Dec 2018 15:30:00 EST","caption":"","summary":"This year, we celebrate the 5th anniversary of the Progress Awards, a flagship program to celebrate Citi colleagues and accelerate some of their best work. The program represents and rewards new ways of thinking within a culture that is evolving to become more innovative, collaborative and adaptable.","text":"","id":"tag:blog.citigroup.com,2015-01-09\/3193","updated":"Wed 09 Jan 2019 11:41:10 EST","title":"Celebrating Our Colleagues' Progress and Breakthrough Work"},{"content":{"image_caption":"","lang":"en","image_uri":"","type":"html","uri":"https:\/\/blog.citigroup.com\/2018\/12\/citi-launches-global-mission-led-partnership-with-the-international-paralympic-committee?app=citinews"},"author":"Ed Skyler","tags":[{"name":"Branding"}],"published":"Thu 13 Dec 2018 09:15:00 EST","caption":"","summary":"At Citi, we’re always striving to be the best – for our clients, our colleagues and our communities. That’s why Citi is thrilled to announce its partnership with the International Paralympic Committee (IPC) set to run through 2020. In addition, Citi will partner with 18 National Paralympic Committees (NPCs) to provide support as they prepare for upcoming World and regional Championships as well as the Tokyo 2020 Paralympic Games.","text":"","id":"tag:blog.citigroup.com,2015-01-09\/3174","updated":"Thu 13 Dec 2018 09:04:49 EST","title":"Citi Launches Global, Mission-Led Partnership with the International Paralympic Committee"},{"content":{"image_caption":"","lang":"en","image_uri":"","type":"html","uri":"https:\/\/blog.citigroup.com\/2018\/12\/updating-our-statement-on-human-rights?app=citinews"},"author":"Val Smith","tags":[{"name":"Global"}],"published":"Mon 10 Dec 2018 14:00:00 EST","caption":"","summary":"As we look to the future, our updated Statement on Human Rights will continue to guide our principled approach to the human rights risks we face across our value chain, including the prevention of discrimination in our retail lending and other business practices and honoring diversity for all our employees.","text":"","id":"tag:blog.citigroup.com,2015-01-09\/3173","updated":"Tue 11 Dec 2018 09:49:05 EST","title":"Updating Our Statement on Human Rights"}]}}}
